source_path	target_path	size	sha256	source_sha256	transform
UploadFiles/xwzx/2026/1/202601230832543494_600_340.JPG	UploadFiles/xwzx/2026/1/202601230832543494_600_340.jpg	166506	1bf23905fc0d1429c5451198bf76c6f07a59ebfc1aa6aff3c8a5e5363cfb0ef7	1bf23905fc0d1429c5451198bf76c6f07a59ebfc1aa6aff3c8a5e5363cfb0ef7	
UploadFiles/xwzx/2026/3/202603050912348595_600_340.JPG	UploadFiles/xwzx/2026/3/202603050912348595_600_340.jpg	67172	ab3790c2cb495f300ea5fe8723e540ddd95819780f1a7a7777e972f4bb024d4d	ab3790c2cb495f300ea5fe8723e540ddd95819780f1a7a7777e972f4bb024d4d	
UploadFiles/xwzx/2026/3/202603131625353530.png	UploadFiles/xwzx/2026/3/202603131625353530.png	404644	ab0408c722b2d74e5238587676032ec41d8e1598e2f87e613e4b8244ae075e88	ab0408c722b2d74e5238587676032ec41d8e1598e2f87e613e4b8244ae075e88	
UploadFiles/xwzx/2026/3/202603131625355447.png	UploadFiles/xwzx/2026/3/202603131625355447.png	207458	0cbd7120742aae3143dc508f75e80d48026cf96726794b217f2e446d49f0815c	0cbd7120742aae3143dc508f75e80d48026cf96726794b217f2e446d49f0815c	
UploadFiles/xwzx/2026/3/202603131625363397.png	UploadFiles/xwzx/2026/3/202603131625363397.png	3126142	bac311bbe367c97ff49aa0b771cd5834facc09936b70dd29a95030c5e127773d	bac311bbe367c97ff49aa0b771cd5834facc09936b70dd29a95030c5e127773d	
UploadFiles/xwzx/2026/3/202603131625363748.jpg	UploadFiles/xwzx/2026/3/202603131625363748.jpg	2612368	a026bad25168d7cf682a0b2e5452141734993aacb26e5935ef95638cb6f62958	a026bad25168d7cf682a0b2e5452141734993aacb26e5935ef95638cb6f62958	
UploadFiles/xwzx/2026/3/202603131625364792.png	UploadFiles/xwzx/2026/3/202603131625364792.png	304654	c6d3a24694e2ef055658843a7c6343050bc25c218a92325317e50dbb48548d31	c6d3a24694e2ef055658843a7c6343050bc25c218a92325317e50dbb48548d31	
UploadFiles/xwzx/2026/3/202603131625365098.png	UploadFiles/xwzx/2026/3/202603131625365098.png	420321	fbbf3c38662d59e8a51dda0c2b7ec1fefb862cd86a4914f34f8a5edb3aae0dc8	fbbf3c38662d59e8a51dda0c2b7ec1fefb862cd86a4914f34f8a5edb3aae0dc8	
UploadFiles/xwzx/2026/3/202603131625365206.png	UploadFiles/xwzx/2026/3/202603131625365206.png	2848796	6e8f85b021edf1b58a968cecd74f5236e0980d97b61145a88291a0fb55b6eb20	6e8f85b021edf1b58a968cecd74f5236e0980d97b61145a88291a0fb55b6eb20	
UploadFiles/xwzx/2026/3/202603131625367891.png	UploadFiles/xwzx/2026/3/202603131625367891.png	231995	da120ac2e71947337bd90df06db1b3833158fe621609248c3cf8d4b5232ccd3b	da120ac2e71947337bd90df06db1b3833158fe621609248c3cf8d4b5232ccd3b	
UploadFiles/xwzx/2026/3/202603131625368519.png	UploadFiles/xwzx/2026/3/202603131625368519.png	551313	9bd64d50997445732c2301bcd3bfb3ba7ef8c802e9d91b8dd5481af6b6ecc415	9bd64d50997445732c2301bcd3bfb3ba7ef8c802e9d91b8dd5481af6b6ecc415	
UploadFiles/xwzx/2026/3/202603131625371126.JPG	UploadFiles/xwzx/2026/3/202603131625371126.jpg	625069	562ec20e744369e5eb15d9d1e98e10df7b29bef725a897995508bd3a10e71feb	562ec20e744369e5eb15d9d1e98e10df7b29bef725a897995508bd3a10e71feb	
UploadFiles/xwzx/2026/3/202603131625372108.png	UploadFiles/xwzx/2026/3/202603131625372108.png	288206	5d9c4a4cd71e7cec045702655ab4b48dcc8b04da49596c2f9a20117954fe0fa0	5d9c4a4cd71e7cec045702655ab4b48dcc8b04da49596c2f9a20117954fe0fa0	
UploadFiles/xwzx/2026/3/202603131625372134.JPG	UploadFiles/xwzx/2026/3/202603131625372134.jpg	2847432	e8e4a2b8bea26fa0287bb7c23e40d6db84c68f70ae485fde2483ef955f07a248	e8e4a2b8bea26fa0287bb7c23e40d6db84c68f70ae485fde2483ef955f07a248	
UploadFiles/xwzx/2026/3/202603131625373672.jpg	UploadFiles/xwzx/2026/3/202603131625373672.jpg	71335	8583bea9a5f757c1cb8e04d69d2bf0a15d7a84cfbe2bec9730548a9469af7ce0	8583bea9a5f757c1cb8e04d69d2bf0a15d7a84cfbe2bec9730548a9469af7ce0	
UploadFiles/xwzx/2026/3/202603131625373672_600_340.jpg	UploadFiles/xwzx/2026/3/202603131625373672_600_340.jpg	18743	fc1e315245a7a32749dddea87ebba70b152770a14e548531a3fa9a1dedba4af7	fc1e315245a7a32749dddea87ebba70b152770a14e548531a3fa9a1dedba4af7	
UploadFiles/xwzx/2026/3/202603131625374049.png	UploadFiles/xwzx/2026/3/202603131625374049.png	170788	de02f94dc3fe9f5ea9226acf6c2f48525566d9d310c44c92f49429892d0834b3	de02f94dc3fe9f5ea9226acf6c2f48525566d9d310c44c92f49429892d0834b3	
UploadFiles/xwzx/2026/3/202603131625374421.png	UploadFiles/xwzx/2026/3/202603131625374421.png	218227	472e3634e7b01daf97e4a573ec2041d6f672886694a6985ffb2684d5b0e3cd35	472e3634e7b01daf97e4a573ec2041d6f672886694a6985ffb2684d5b0e3cd35	
UploadFiles/xwzx/2026/3/202603131625375023.png	UploadFiles/xwzx/2026/3/202603131625375023.png	491239	28212fa0e4c37626df9120c1bf40acf89ec52b3c5848511d58957c48892cde82	28212fa0e4c37626df9120c1bf40acf89ec52b3c5848511d58957c48892cde82	
UploadFiles/xwzx/2026/3/202603131625375213.png	UploadFiles/xwzx/2026/3/202603131625375213.png	390101	5d9eaf5b013af610d3811254a02941bb6f9c4f10c052e33da1020f527f38ff68	5d9eaf5b013af610d3811254a02941bb6f9c4f10c052e33da1020f527f38ff68	
UploadFiles/xwzx/2026/3/202603131625375419.png	UploadFiles/xwzx/2026/3/202603131625375419.png	267207	65194be1f329d4858d684c07c2df367ec53e83f9e28aaa8340972271e00ed48d	65194be1f329d4858d684c07c2df367ec53e83f9e28aaa8340972271e00ed48d	
UploadFiles/xwzx/2026/3/202603131625376514.png	UploadFiles/xwzx/2026/3/202603131625376514.png	332370	c62cf7bb1ea30d69aad6306c1e44e567d5d65efa9b7de0af69cb12dac657a4cc	c62cf7bb1ea30d69aad6306c1e44e567d5d65efa9b7de0af69cb12dac657a4cc	
UploadFiles/xwzx/2026/3/202603131625377884.png	UploadFiles/xwzx/2026/3/202603131625377884.png	660489	b53c5c117993e84c348ca7ed65fdaf900a414519d8bd733d304c7f3e5a45e152	b53c5c117993e84c348ca7ed65fdaf900a414519d8bd733d304c7f3e5a45e152	
UploadFiles/xwzx/2026/3/202603131625378201.png	UploadFiles/xwzx/2026/3/202603131625378201.png	837415	d3fcbdbc418a615db41fa2d6ccfdac311bedd1e6dc218395e3b6c64f51956681	d3fcbdbc418a615db41fa2d6ccfdac311bedd1e6dc218395e3b6c64f51956681	
UploadFiles/xwzx/2026/3/202603131625379156.png	UploadFiles/xwzx/2026/3/202603131625379156.png	542715	c518764c5914dc2bf800bdcd6b4950a1be99c5ef4e416261aa2375b4d35e943d	c518764c5914dc2bf800bdcd6b4950a1be99c5ef4e416261aa2375b4d35e943d	
UploadFiles/xwzx/2026/3/202603131625387620.png	UploadFiles/xwzx/2026/3/202603131625387620.png	1005409	3274da9d0c92d015a7ca5afa6d9b57647b05719c3438f9d41723218202c245cd	3274da9d0c92d015a7ca5afa6d9b57647b05719c3438f9d41723218202c245cd	
UploadFiles/xwzx/2026/3/202603131625389994.png	UploadFiles/xwzx/2026/3/202603131625389994.png	46076	699fbf78b659a993c85f471188bfc7d34f4dba1166654ecc14a5a5daa3e83079	699fbf78b659a993c85f471188bfc7d34f4dba1166654ecc14a5a5daa3e83079	
UploadFiles/xwzx/2026/3/202603231543344903_600_340.jpg	UploadFiles/xwzx/2026/3/202603231543344903_600_340.jpg	33730	96f29bed64f075e3e546d82841a4e688d804608845b70ff202f54305d8c8badd	96f29bed64f075e3e546d82841a4e688d804608845b70ff202f54305d8c8badd	
